Redirect from,Redirect to
/pages/giveaway,/
/pages/offer,/pages/sets
/pages/mothers-day-gift-guide,/pages/sets
/pages/warehouse-sale,/collections/all
/pages/good-baby-expo,/pages/events
/pages/about-us,/pages/about
/collections/frontpage,/
/collections/coolkidz,/collections/all
/collections/babocush,/collections/all
/collections/slumberpod,/collections/all
/collections/brand-hannie,/collections/vendors?q=Hannie
/collections/brand-magic,/collections/vendors?q=Magic
/collections/brand-mamave,/collections/vendors?q=Mamave
/collections/brand-nanit,/collections/vendors?q=Nanit
/collections/matchstick-monkey,/collections/vendors?q=Matchstick+Monkey
/collections/zazu,/collections/vendors?q=ZAZU
/collections/nanit-free-items,/collections/vendors?q=Nanit
/collections/nanit-home-and-travel-bundle-floor,/collections/vendors?q=Nanit
/collections/nanit-home-and-travel-bundle-floor-copy,/collections/vendors?q=Nanit
/collections/nanit-home-and-travel-bundle-floor-copy-copy-1,/collections/vendors?q=Nanit
/collections/nanit-nursery-bundle-floor,/collections/vendors?q=Nanit
/collections/nanit-nursery-bundle-wall,/collections/vendors?q=Nanit
/collections/big-expo-deals,/collections/vendors?q=Nanit
/collections/nanit-clearance-deals,/collections/vendors?q=Nanit
/collections/starlight-donation,/collections/vendors?q=WonderFold
/collections/click-frenzy-uppa,/collections/vendors?q=UPPAbaby
/collections/click-frenzy-miamily,/collections/vendors?q=MiaMily
/collections/click-frenzy-zazu,/collections/vendors?q=ZAZU
/collections/warehouse-sale-uppa,/collections/vendors?q=UPPAbaby
/collections/warehouse-sale-miamily,/collections/vendors?q=MiaMily
/collections/warehouse-sale-zazu,/collections/vendors?q=ZAZU
/collections/warehouse-sale-gaia,/collections/vendors?q=Gaia+Baby
/collections/expo-sale-brand_mamave,/collections/vendors?q=Mamave
/collections/expo-sale-brand_hannie,/collections/vendors?q=Hannie
/collections/expo-sale-brand_frida,/collections/vendors?q=Frida
/collections/expo-sale-brand_nanit,/collections/vendors?q=Nanit
/collections/expo-sale-brand_magic,/collections/vendors?q=Magic
